{
 "Balanced Accuracy": 0.48008562532433835,
 "Accuracy": 0.6111111111111112,
 "Precision": 0.5552693233258064,
 "Recall": 0.6111111111111112,
 "F1 Score": 0.5749133958266534,
 "roc auc": 0.5580565646081994
}