{
 "Balanced Accuracy": 0.5200208686578844,
 "Accuracy": 0.6468401486988847,
 "Precision": 0.5987261757243171,
 "Recall": 0.6468401486988847,
 "F1 Score": 0.6112920930877181,
 "roc auc": 0.6099517412286422,
 "matthews_corrcoef": 0.04938674183458473
}