{
 "Balanced Accuracy": 0.5345637146211034,
 "Accuracy": 0.6765799256505576,
 "Precision": 0.6241878173073434,
 "Recall": 0.6765799256505576,
 "F1 Score": 0.6264097564442489,
 "roc auc": 0.5834746315377594,
 "matthews_corrcoef": 0.09699853262220105
}