{
 "Balanced Accuracy": 0.5015103756238508,
 "Accuracy": 0.6617100371747212,
 "Precision": 0.581582567538784,
 "Recall": 0.6617100371747212,
 "F1 Score": 0.5963509815385515,
 "roc auc": 0.5227869713685317,
 "matthews_corrcoef": 0.004689716467964867
}