{
 "Balanced Accuracy": 0.5535526661413186,
 "Accuracy": 0.6951672862453532,
 "Precision": 0.6523905808764986,
 "Recall": 0.6951672862453532,
 "F1 Score": 0.6482466599971205,
 "roc auc": 0.5592986603624902,
 "matthews_corrcoef": 0.14976818114449722
}