{
 "Balanced Accuracy": 0.5228982874935132,
 "Accuracy": 0.6037037037037037,
 "Precision": 0.5968114403347564,
 "Recall": 0.6037037037037037,
 "F1 Score": 0.6000729992608367,
 "roc auc": 0.5593539180072652
}