{
 "Balanced Accuracy": 0.49591333679294236,
 "Accuracy": 0.6666666666666666,
 "Precision": 0.5679012345679012,
 "Recall": 0.6666666666666666,
 "F1 Score": 0.5842424242424242,
 "roc auc": 0.5042163985469642,
 "matthews_corrcoef": -0.015067741862553044
}