{
 "Balanced Accuracy": 0.49195640892579134,
 "Accuracy": 0.6037037037037037,
 "Precision": 0.5693052840775549,
 "Recall": 0.6037037037037037,
 "F1 Score": 0.5828037390560721,
 "roc auc": 0.5291904514789829,
 "matthews_corrcoef": -0.017901878140791437
}