{
 "Balanced Accuracy": 0.49993513233004666,
 "Accuracy": 0.6148148148148148,
 "Precision": 0.5770001977945903,
 "Recall": 0.6148148148148148,
 "F1 Score": 0.590985491223432,
 "roc auc": 0.5369745718733783
}