{
 "Balanced Accuracy": 0.508562532433835,
 "Accuracy": 0.6555555555555556,
 "Precision": 0.5889357712142522,
 "Recall": 0.6555555555555556,
 "F1 Score": 0.6020301221938049,
 "roc auc": 0.45848469122989094,
 "matthews_corrcoef": 0.024042904594826883
}