{
 "Balanced Accuracy": 0.5207576543850545,
 "Accuracy": 0.662962962962963,
 "Precision": 0.6046560846560847,
 "Recall": 0.662962962962963,
 "F1 Score": 0.613991769547325,
 "roc auc": 0.5671380384016607,
 "matthews_corrcoef": 0.056836348672659215
}