{
 "Balanced Accuracy": 0.537889656971436,
 "Accuracy": 0.6431226765799256,
 "Precision": 0.613115586712361,
 "Recall": 0.6431226765799256,
 "F1 Score": 0.6232933120194707,
 "roc auc": 0.5623777227077084,
 "matthews_corrcoef": 0.0848248644203272
}