{
 "Balanced Accuracy": 0.5034237641841659,
 "Accuracy": 0.6951672862453532,
 "Precision": 0.6366901967336369,
 "Recall": 0.6951672862453532,
 "F1 Score": 0.5768663589438855,
 "roc auc": 0.5326072779444373,
 "matthews_corrcoef": 0.036693652276226396
}