{
 "Balanced Accuracy": 0.5304229372080955,
 "Accuracy": 0.6333333333333333,
 "Precision": 0.6059351060213873,
 "Recall": 0.6333333333333333,
 "F1 Score": 0.6161079894077375,
 "roc auc": 0.5608783082511677
}