{
 "Balanced Accuracy": 0.48896769109535065,
 "Accuracy": 0.6245353159851301,
 "Precision": 0.5666824377605046,
 "Recall": 0.6245353159851301,
 "F1 Score": 0.5857851787176972,
 "roc auc": 0.5357893354347255,
 "matthews_corrcoef": -0.027365302043864864
}