{
 "Balanced Accuracy": 0.5280732860520094,
 "Accuracy": 0.5613382899628253,
 "Precision": 0.601774325568705,
 "Recall": 0.5613382899628253,
 "F1 Score": 0.5760134215811289,
 "roc auc": 0.5585106382978723,
 "matthews_corrcoef": 0.052465212999221494
}