{
 "Balanced Accuracy": 0.523542159180457,
 "Accuracy": 0.6728624535315985,
 "Precision": 0.6128276469479745,
 "Recall": 0.6728624535315985,
 "F1 Score": 0.619038892587246,
 "roc auc": 0.5795573942737062,
 "matthews_corrcoef": 0.06764386220016788
}