{
 "Balanced Accuracy": 0.4998029944838455,
 "Accuracy": 0.6691449814126395,
 "Precision": 0.5787118735163703,
 "Recall": 0.6691449814126395,
 "F1 Score": 0.5923250292073861,
 "roc auc": 0.6170212765957449,
 "matthews_corrcoef": -0.0006889935319864492
}