{
 "Balanced Accuracy": 0.483977685521536,
 "Accuracy": 0.5925925925925926,
 "Precision": 0.5619772998805256,
 "Recall": 0.5925925925925926,
 "F1 Score": 0.5745884773662553,
 "roc auc": 0.47943694862480546,
 "matthews_corrcoef": -0.035035924828552695
}