{
 "Balanced Accuracy": 0.5076543850544888,
 "Accuracy": 0.6925925925925925,
 "Precision": 0.6173013861226789,
 "Recall": 0.6925925925925925,
 "F1 Score": 0.5886274824614096,
 "roc auc": 0.5122599896211728,
 "matthews_corrcoef": 0.04429954421262539
}