{
 "Balanced Accuracy": 0.50492369896961,
 "Accuracy": 0.6877323420074349,
 "Precision": 0.5990649346949821,
 "Recall": 0.6877323420074349,
 "F1 Score": 0.585145600991326,
 "roc auc": 0.5922133820268684,
 "matthews_corrcoef": 0.026686030046215236
}