{
 "Balanced Accuracy": 0.5097495761053867,
 "Accuracy": 0.6468401486988847,
 "Precision": 0.5882280049566295,
 "Recall": 0.6468401486988847,
 "F1 Score": 0.6022970864145576,
 "roc auc": 0.5286944045911048,
 "matthews_corrcoef": 0.025494543344784876
}